{
    "tabs": [
        {
            "name": "Magic",
            "fields": [
                { "type": "boolean", "title": "\u4ea4\u6362CAPS\u548clCTRL\u952e", "qsid": 21, "width": 4, "bit": 0 },
                { "type": "boolean", "title": "Caps\u952e\u89c6\u4e3aCtrl\u952e", "qsid": 21, "width": 4, "bit": 1 },
                { "type": "boolean", "title": "\u4ea4\u6362Lalt\u548clGUI\u952e", "qsid": 21, "width": 4, "bit": 2 },
                { "type": "boolean", "title": "\u4ea4\u6362RAlt\u548cRGui\u952e", "qsid": 21, "width": 4, "bit": 3 },
                { "type": "boolean", "title": "\u9501\u5b9aGui\u952e", "qsid": 21, "width": 4, "bit": 4 },
                { "type": "boolean", "title": "\u4ea4\u6362`\u548cesc\u952e", "qsid": 21, "width": 4, "bit": 5 },
                { "type": "boolean", "title": "\u4ea4\u6362\\\u548cBackspace\u952e", "qsid": 21, "width": 4, "bit": 6 },
                { "type": "boolean", "title": "\u5f00\u542f\u5168\u952e\u65e0\u51b2", "qsid": 21, "width": 4, "bit": 7 },
                { "type": "boolean", "title": "\u4ea4\u6362LCtrl\u548cLGui\u952e", "qsid": 21, "width": 4, "bit": 8 },
                { "type": "boolean", "title": "\u4ea4\u6362RCtrl\u548cRGui\u952e", "qsid": 21, "width": 4, "bit": 9 }
            ]
        },
        {
            "name": "Grave Escape",
            "fields": [
                { "type": "boolean", "title": "Alt\u952e\u6309\u4e0b\u65f6\u53d1\u9001Esc\u6309\u952e", "qsid": 1, "bit": 0 },
                { "type": "boolean", "title": "Ctrl\u952e\u6309\u4e0b\u65f6\u53d1\u9001Esc\u6309\u952e", "qsid": 1, "bit": 1 },
                { "type": "boolean", "title": "Gui\u952e\u6309\u4e0b\u65f6\u53d1\u9001Esc\u6309\u952e", "qsid": 1, "bit": 2 },
                { "type": "boolean", "title": "Shift\u952e\u6309\u4e0b\u65f6\u53d1\u9001Esc\u6309\u952e", "qsid": 1, "bit": 3 }
            ]
        },
        {
            "name": "\u70b9\u51fb-\u957f\u6309",
            "fields": [
                { "type": "integer", "title": "\u5355\u51fb\u5224\u5b9a\u65f6\u95f4", "qsid": 7, "min": 0, "max": 10000, "width": 2 },
                { "type": "boolean", "title": "\u5141\u8bb8\u70b9\u51fb\u89e6\u53d1\u957f\u6309\u5207\u5c42\u952e\u5982lt", "qsid": 8, "bit": 0 },
                { "type": "boolean", "title": "\u5ffd\u7565\u4fee\u9970\u952e\u51b2\u7a81", "qsid": 8, "bit": 1 },
                { "type": "boolean", "title": "\u5ffd\u7565\u4fee\u9970\u952e\u51b2\u7a81", "qsid": 8, "bit": 2 },
                { "type": "boolean", "title": "\u7b2cn\u6b21\u70b9\u51fb\u89e6\u53d1\u957f\u6309\u529f\u80fd", "qsid": 8, "bit": 3 },
                { "type": "integer", "title": "\u6309\u4e0b\u4e0e\u91ca\u653e\u952e\u95f4\u5ef6\u8fdf\u65f6\u95f4", "qsid": 18, "min": 0, "max": 1000, "width": 2 },
                { "type": "integer", "title": "Caps\u952e\u6fc0\u6d3b\u5ef6\u8fdf\u65f6\u95f4", "qsid": 19, "min": 0, "max": 1000, "width": 2 },
                { "type": "integer", "title": "\u70b9\u51fb\u5207\u6362", "qsid": 20, "min": 0, "max": 100, "width": 1 }
            ]
        },
        {
            "name": "\u81ea\u52a8 Shift",
            "fields": [
                { "type": "boolean", "title": "\u542f\u7528", "qsid": 3, "bit": 0 },
                { "type": "boolean", "title": "\u5141\u8bb8\u4fee\u9970\u952e", "qsid": 3, "bit": 1 },
                { "type": "integer", "title": "\u89e6\u53d1\u65f6\u95f4", "qsid": 4, "min": 0, "max": 1000, "width": 2 },
                { "type": "boolean", "title": "\u7b26\u53f7\u952e\u4e0d\u542f\u7528", "qsid": 3, "bit": 2 },
                { "type": "boolean", "title": "\u6570\u5b57\u952e\u4e0d\u542f\u7528", "qsid": 3, "bit": 3 },
                { "type": "boolean", "title": "\u5b57\u6bcd\u952e\u4e0d\u542f\u7528", "qsid": 3, "bit": 4 },
                { "type": "boolean", "title": "\u542f\u7528\u91cd\u590d\u952e", "qsid": 3, "bit": 5 },
                { "type": "boolean", "title": "\u89e6\u53d1\u540e\u5173\u95ed\u91cd\u590d\u952e", "qsid": 3, "bit": 6 }
            ]
        },
        {
            "name": "\u7ec4\u5408\u952e",
            "fields": [
                { "type": "integer", "title": "\u7ec4\u5408\u952e\u89e6\u53d1\u65f6\u95f4", "qsid": 2, "min": 0, "max": 10000, "width": 2 }
            ]
        },
        {
            "name": "\u7c98\u6ede\u952e",
            "fields": [
                { "type": "integer", "title": "\u957f\u6309\u8be5\u952e\u7684\u70b9\u51fb\u6b21\u6570\u76f4\u5230\u518d\u6b21\u70b9\u51fb\u91ca\u653e", "qsid": 5, "min": 0, "max": 50, "width": 1 },
                { "type": "integer", "title": "\u7c98\u6ede\u952e\u91ca\u653e\u65f6\u95f4(ms)", "qsid": 6, "min": 0, "max": 60000, "width": 2 }
            ]
        },
        {
            "name": "\u9f20\u6807\u952e",
            "fields": [
                { "type": "integer", "title": "\u6309\u4e0b\u79fb\u52a8\u952e\u548c\u5149\u6807\u79fb\u52a8\u4e4b\u95f4\u7684\u5ef6\u8fdf", "qsid": 9, "min": 0, "max": 10000, "width": 2 },
                { "type": "integer", "title": "\u6e38\u6807\u79fb\u52a8\u4e4b\u95f4\u7684\u95f4\u9694\u65f6\u95f4\u6beb\u79d2", "qsid": 10, "min": 0, "max": 10000, "width": 2 },
                { "type": "integer", "title": "\u79fb\u52a8\u6b65\u957f", "qsid": 11, "min": 0, "max": 1000, "width": 2 },
                { "type": "integer", "title": "\u5149\u6807\u505c\u6b62\u52a0\u901f\u65f6\u7684\u6700\u5927\u901f\u5ea6", "qsid": 12, "min": 0, "max": 1000, "width": 2 },
                { "type": "integer", "title": "\u5149\u6807\u8fbe\u5230\u6700\u5927\u901f\u5ea6\u7684\u65f6\u95f4", "qsid": 13, "min": 0, "max": 1000, "width": 2 },
                { "type": "integer", "title": "\u6309\u4e0b\u6eda\u8f6e\u952e\u548c\u6eda\u8f6e\u79fb\u52a8\u4e4b\u95f4\u7684\u5ef6\u8fdf", "qsid": 14, "min": 0, "max": 10000, "width": 2 },
                { "type": "integer", "title": "\u6eda\u8f6e\u79fb\u52a8\u4e4b\u95f4\u7684\u95f4\u9694\u65f6\u95f4\u6beb\u79d2", "qsid": 15, "min": 0, "max": 10000, "width": 2 },
                { "type": "integer", "title": "\u6bcf\u6b21\u6eda\u8f6e\u52a8\u4f5c\u7684\u6700\u5927\u6eda\u8f6e\u6b65\u6570", "qsid": 16, "min": 0, "max": 1000, "width": 2 },
                { "type": "integer", "title": "\u6eda\u8f6e\u8fbe\u5230\u6700\u5927\u6eda\u8f6e\u901f\u5ea6\u7684\u65f6\u95f4", "qsid": 17, "min": 0, "max": 1000, "width": 2 }
            ]
        }
    ]
}
